Arts,Business,Computers,Games,Health,Home,Kids_and_Teens,News,Recreation,Reference,Regional,Science,Shopping,Society,Sports
Youtube.com,Office.com,Google.com,Twitch.tv,Nih.gov,Yelp.com,translate.google.com,reddit.com,booking.com,Stackoverflow.com,Google.com,translate.google.com,Amazon.com,Nih.gov,Espn.com
Facebook.com,Paypal.com,youtube.com,Roblox.com,Webmd.com,Finance.yahoo.com,Thesaurus.com,Cnn.com,tripadvisor.com,Nlm.nih.gov,Facebook.com,Ncbi.nlm.nih.gov,Netflix.com,Answers.yahoo.com,Cricbuzz.com
Twitter.com,Espn.com,Facebook.com,Store.steampowered.com,Myfitnesspal.com,Theverge.com,Epicgames.com,Nytimes.com,9gag.com,Answers.yahoo.com,Yahoo.com,Coinmarketcap.com,Ebay.com,Siteadvisor.com,Espncricinfo.com
Imdb.com,chase.com,mail.google.com,Epicgames.com,Mayoclinic.org,Irs.gov,Reverso.net,Theguardian.com,Expedia.com,Thesaurus.com,Google.co.in,Researchgate.net,Amazon.co.uk,Patreon.com,Sports.yahoo.com
Espn.com,Indeed.com,Yahoo.com,Gamespot.com,Psychologytoday.com,Gizmodo.com,Weebly.com,news.google.com,Xe.com,archive.org,Amazon.com,Sciencedirect.com,etsy.com,Irs.gov,Nba.com
Bbc.co.uk,Alibaba.com,docs.google.com,Ign.com,Who.int,Cnbc.com,Battle.net,Washingtonpost.com,Hotels.com,Blackboard.com,twitter.com,Reverso.net,Walmart.com,Jw.org,Cbssports.com
Cnn.com,Scribd.com,En.wikipedia.org,Battle.net,Cdc.gov,Gsmarena.com,Espncricinfo.com,Bbc.co.uk,Southwest.com,Goodreads.com,Google.co.uk,Urbandictionary.com,Store.steampowered.com,Europa.eu,Livescore.com
Spotify.com,Zillow.com,twitter.com,playstation.com,Medscape.com,Money.cnn.com,Leagueoflegends.com,Indiatimes.com,Agoda.com,Wordreference.com,microsoft.com,Ieee.org,Ikea.com,Biblegateway.com,Bleacherreport.com
Deviantart.com,Bankofamerica.com,Search.yahoo.com,Wowhead.com,Medicinenet.com,Engadget.com,Khanacademy.org,News.yahoo.com,Kayak.com,udemy.com,Google.com.au,Autodesk.com,Bestbuy.com,State.gov,Nhl.com
Scribd.com,Wellsfargo.com,linkedin.com,Leagueoflegends.com,kaiserpermanente.org,Tomsguide.com,Y8.com,Weather.com,Delta.com,Cambridge.org,Amazon.co.jp,Nature.com,Homedepot.com,Post.japanpost.jp,Goal.com
Hulu.com,Forbes.com,microsoft.com,Chess.com,drugs.com,Tomshardware.com,Xe.com,Forbes.com,Ryanair.com,Mit.edu,Apple.com,Elsevier.com,Cambridge.org,Ancestry.com,Bbc.com
Bbc.com,Shutterstock.com,Mail.yahoo.com,Xbox.com,medlineplus.gov,Instructables.com,Timeanddate.com,Foxnews.com,united.com,Wiktionary.org,Adobe.com,Timeanddate.com,Target.com,Correios.com.br,Espn.com
Livejournal.com,Finance.yahoo.com,bing.com,Ea.com,Studentdoctor.net,Marketwatch.com,Xbox.com,Shutterstock.com,Aa.com,Dictionary.cambridge.org,Amazon.co.uk,Arxiv.org,Wiley.com,Slate.com,Strava.com
Foxnews.com,Businessinsider.com,Office.com,Nexusmods.com,Nhs.uk,Allrecipes.com,Ea.com,Huffingtonpost.com,Marriott.com,Urbandictionary.com,Bbc.co.uk,Mathworks.com,Nike.com,change.org,Flashscore.com
Xfinity.com,Bloomberg.com,Imgur.com,Nvidia.com,Emedicine.medscape.com,Digitaltrends.com,Developer.android.com,Accuweather.com,Uber.com,Investopedia.com,Nytimes.com,duolingo.com,humblebundle.com,Lds.org,Skysports.com
Ign.com,Samsung.com,Msn.com,Pcgamer.com,Apa.org,Dpreview.com,Britannica.com,Bloomberg.com,Zomato.com,Thefreedictionary.com,Nih.gov,Berkeley.edu,Hm.com,Ec.europa.eu,Deadspin.com
Rottentomatoes.com,Capitalone.com,Wordpress.com,Unity3d.com,Bmj.com,Babycenter.com,Ign.com,Timesofindia.indiatimes.com,Jalopnik.com,Stanford.edu,chase.com,Weather.gov,groupon.com,Un.org,Premierleague.com
Ndtv.com,Target.com,Tumblr.com,Icy-veins.com,Mercola.com,Kbb.com,Bbc.com,Usatoday.com,Priceline.com,coursera.org,Theguardian.com,Jstor.org,Newegg.com,Who.int,Ncaa.com
Ultimate-guitar.com,Americanexpress.com,Wikia.com,Ign.com,Menshealth.com,Trustedreviews.com,ubisoft.com,Cnbc.com,Hilton.com,Harvard.edu,Ebay.co.uk,Ted.com,Macys.com,Collegeboard.org,Nfl.com
Discogs.com,Skype.com,Stackoverflow.com,Kongregate.com,Fda.gov,mint.com,Bulbagarden.net,Wsj.com,Flightradar24.com,Elsevier.com,Nlm.nih.gov,Mayoclinic.org,Nordstrom.com,Thrillist.com,Nbcsports.com
Cnbc.com,ups.com,github.com,Wizards.com,Weightwatchers.com,Thekitchn.com,Citationmachine.net,Reuters.com,Timeout.com,Merriam-webster.com,Flipkart.com,Nationalgeographic.com,Lowes.com,Match.com,Rei.com
Urbandictionary.com,Behance.net,Paypal.com,Mmo-champion.com,Sdsu.edu,trustpilot.com,Blizzard.com,Wunderground.com,Easyjet.com,Psu.edu,Dailymail.co.uk,Acs.org,Ticketmaster.com,Cosmopolitan.com,Bbc.com
Pandora.com,Wiley.com,Apple.com,ubisoft.com,Aamc.org,Travel.state.gov,Nintendo.com,Money.cnn.com,Grubhub.com,Berkeley.edu,Alibaba.com,Symbolab.com,Costco.com,Legacy.com,Wwe.com
Ieee.org,Hdfcbank.com,pinterest.com,Bulbagarden.net,Self.com,Fool.com,Codecademy.com,Cbsnews.com,Cracked.com,edx.org,Walmart.com,Noaa.gov,Bhphotovideo.com,Snopes.com,Espn.com
Npr.org,Irs.gov,Adobe.com,Blizzard.com,Patient.info,ssa.gov,Scratch.mit.edu,Drudgereport.com,Opentable.com,Oup.com,Zillow.com,Howstuffworks.com,Wayfair.com,Biblehub.com,Baseball.fantasysports.yahoo.com
Vice.com,Springer.com,dropbox.com,Nintendo.com,Nejm.org,Edmunds.com,Howstuffworks.com,Usnews.com,Ana.co.jp,Ecollege.com,Bankofamerica.com,Colorado.edu,Oup.com,theknot.com,Espn.com
Money.cnn.com,Onlinelibrary.wiley.com,play.google.com,Runescape.com,Healthgrades.com,Consumerreports.org,Easybib.com,Time.com,Emirates.com,En.wiktionary.org,Indiatimes.com,bitcointalk.org,Bodybuilding.com,Gq.com,Espn.com
Grammarly.com,Fedex.com,mozilla.org,minecraft.net,Mensfitness.com,Forum.gsmhosting.com,History.com,Chron.com,Vrbo.com,Ed.gov,Wellsfargo.com,Sciencemag.org,Gap.com,Digg.com,Si.com
Archiveofourown.org,Wsj.com,Soundcloud.com,Boardgamegeek.com,Prevention.com,Bankrate.com,Fifa.com,Nypost.com,Lonelyplanet.com,Umich.edu,Weather.com,Economist.com,Iherb.com,Esquire.com,Iplt20.com
Cbsnews.com,Hm.com,Ask.com,Miniclip.com,Health.com,Opendns.com,Sitepoint.com,Thehill.com,Orbitz.com,Purdue.edu,tripadvisor.com,Livescience.com,Urbanoutfitters.com,Worldbank.org,Sbnation.com
Fanfiction.net,Reuters.com,Plus.google.com,Eurogamer.net,Fragrantica.com,Apartmenttherapy.com,Css-tricks.com,News.com.au,Travel.state.gov,Cornell.edu,Bbc.com,Pcworld.com,Sky.com,Jezebel.com,Fifa.com
Nbcnews.com,Icicibank.com,vimeo.com,Runescape.wikia.com,Cancer.org,Fixya.com,Bom.gov.au,Economictimes.indiatimes.com,Qatarairways.com,Turnitin.com,Google.ie,Rsc.org,Sephora.com,Complex.com,Soccerway.com
Theatlantic.com,Adp.com,Mediafire.com,Pch.com,Zocdoc.com,Bbb.org,Space.com,Nbcnews.com,Travelocity.com,Ebscohost.com,Ikea.com,Citeseerx.ist.psu.edu,Kohls.com,ssa.gov,Skysports.com
Abcnews.go.com,Money.cnn.com,Salesforce.com,Sporcle.com,Heart.org,Phonearena.com,Raspberrypi.org,Theatlantic.com,Alaskaair.com,Britannica.com,Rt.com,poloniex.com,Redbubble.com,Soompi.com,Rotoworld.com
Cbc.ca,Investopedia.com,Slideshare.net,Rockstargames.com,Rxlist.com,Epicurious.com,Uefa.com,Latimes.com,Lego.com,Ucla.edu,Xfinity.com,Bom.gov.au,Rei.com,Fao.org,Filgoal.com
Abc.net.au,Investing.com,Support.microsoft.com,Mtggoldfish.com,Foxnews.com,Bonappetit.com,Lego.com,Abcnews.go.com,Theonion.com,Spanishdict.com,Irctc.co.in,Wolfram.com,Zappos.com,Royalmail.com,Masters.com
Azlyrics.com,Webex.com,Cnet.com,Giantbomb.com,Kidshealth.org,Carfax.com,Square-enix.com,Weather.gov,Skyscanner.com,Wisc.edu,Bet365.com,Space.com,Autotrader.com,Westlaw.com,Formula1.com
Tmz.com,Fidelity.com,Wikihow.com,Thesimsresource.com,Clevelandclinic.org,Bgr.com,Easports.com,Chinadaily.com.cn,Ford.com,Utexas.edu,Aol.com,23andme.com,Overstock.com,Plos.org,Basketball-reference.com
Metacritic.com,Eventbrite.com,Intuit.com,Itch.io,Cancer.gov,Wonderhowto.com,Lolcounter.com,Dw.com,Caranddriver.com,Illinois.edu,Amazon.ca,Jma.go.jp,Forever21.com,Imdb.com,Uefa.com
Sky.com,Att.com,Scribd.com,Worldoftanks.com,Aafp.org,Youneedabudget.com,Rhymezone.com,Thedailybeast.com,Britishairways.com,Oxforddictionaries.com,Bestbuy.com,Iop.org,Google.com,Infowars.com,Baseball-reference.com
Wired.com,Realtor.com,mega.nz,Elderscrolls.wikia.com,Niddk.nih.gov,Healthcare.gov,Mathsisfun.com,Indianexpress.com,Just-eat.co.uk,Udacity.com,Asos.com,Blockchain.info,Cargurus.com,Familysearch.org,Espn.com
Deezer.com,Cbsnews.com,Godaddy.com,Vg247.com,Nimh.nih.gov,Goodhousekeeping.com,Abcya.com,Thehindu.com,Jal.co.jp,Washington.edu,Hp.com,Usgs.gov,Ifixit.com,Companieshouse.gov.uk,Tsn.ca
Sankakucomplex.com,Discover.com,Livejournal.com,Minecraftforum.net,Petmd.com,Msn.com,Gocomics.com,Sfgate.com,Lufthansa.com,Usc.edu,Accuweather.com,Usda.gov,Walgreens.com,Hi5.com,Motorsport.com
Pitchfork.com,Cisco.com,archive.org,Square-enix.com,Clinicaltrials.gov,Bhg.com,Fontsquirrel.com,Cbc.ca,Hostelworld.com,Nyu.edu,Usps.com,Fao.org,Gamestop.com,Dailykos.com,Rivals.com
Last.fm,Intel.com,Trello.com,Easports.com,Plannedparenthood.org,Marthastewart.com,Sciencedaily.com,Newsweek.com,Aeroflot.ru,Columbia.edu,Oracle.com,Nps.gov,Bedbathandbeyond.com,Interpals.net,Football365.com
Cbc.ca,Merriam-webster.com,Speedtest.net,Fallout.wikia.com,Spine-health.com,Hgtv.com,Irishtimes.com,Nationalgeographic.com,Seamless.com,Dict.cc,Homedepot.com,desmos.com,Directv.com,Sulekha.com,Espn.com
Newyorker.com,Verizonwireless.com,Blogger.com,Finalfantasyxiv.com,Express-scripts.com,Lifehack.org,fafsa.ed.gov,Yr.no,Turkishairlines.com,Citationmachine.net,Cambridge.org,Sigmaaldrich.com,Jcrew.com,Va.gov,Pgatour.com
Billboard.com,Nypost.com,duckduckgo.com,Planetminecraft.com,Niams.nih.gov,Seatguru.com,Pbskids.org,Hollywoodreporter.com,couchsurfing.com,Lynda.com,Samsung.com,Aps.org,Cars.com,Biblestudytools.com,Ufc.com
Foodnetwork.com,techcrunch.com,Blackboard.com,Rockpapershotgun.com,Hopkinsmedicine.org,Care.com,Thestudentroom.co.uk,Variety.com,Loc.gov,Exlibrisgroup.com,Ndtv.com,Plos.org,Staples.com,Bbb.org,Foxsports.com
Avclub.com,Td.com,Xfinity.com,Gamesradar.com,Thelancet.com,Realsimple.com,Afl.com.au,Chicagotribune.com,Somethingawful.com,Whitepages.com,Target.com,Mdpi.com,Legacy.com,Aarp.org,Hkjc.com
